-- products table

INSERT INTO `term_project`.`product`    (`product_id`, `title`, `description`, `type`) 
VALUES(1,'ecobee Smart Thermostat Premium', 'ecobee Smart Thermostat Premium ', 'smart'); 

INSERT INTO `term_project`.`product`(`product_id`, `title`, `description`, `type`) 
VALUES(2,'Smart WiFi Light Bulb LED RGB Color Changing', 'Smart WiFi Light Bulb LED RGB Color Changing Compatible with Amazon Alexa and Google Home Assistant No Hub Required A19 E26 Multicolor LUMIMAN 2 Pack', 'Eletronics'); 

INSERT INTO `term_project`.`product`    (`product_id`, `title`, `description`, `type`) 
VALUES (3,'Emerson Sensi Wi-Fi Thermostat', 'Emerson Sensi Wi-Fi Thermostat for Smart Home, ST55, DIY Version', 'smart'); 

INSERT INTO `term_project`.`product`    (`product_id`, `title`, `description`, `type`) 
VALUES (4,'Senville 12000 BTU', 'Senville SENL-12CD 12000 BTU Ductless Mini Split Air Conditioner and Heat Pump, White', 'climatization'); 

INSERT INTO `term_project`.`product`    (`product_id`, `title`, `description`, `type`) 
VALUES (5,'OHMAX Mini Smart Plug', 'OHMAX Mini Smart Plug, Smart Home 2.4G Wi-Fi Plug Work with Alexa and Google Home, App Remote & Voice Control Smart Outlet Plug with Timer Surge Protector,4 Pack', 'Eletrical'); 

INSERT INTO `term_project`.`product`    (`product_id`, `title`, `description`, `type`) 
VALUES (6,'Smart LED Light Strip', 'Smart LED Light Strip, 9.6ft TV Backlight WiFi Works with Alexa & Google Assistant, App Control, Music Sync 16 Million RGB Color Changing Dimmable, Home Light Decor, WiFi 2.4Ghz', 'Decoration'); 

INSERT INTO `term_project`.`product`    (`product_id`, `title`, `description`, `type`) 
VALUES (7,'Revolution InstaGLO R180 Toaster', 'Revolution InstaGLO R180 Toaster. 2-Slice, high-end stainless steel design. Features touchscreen with high-speed smart settings for perfectly toasted bagels, English muffins, toast, Pop-Tarts and waffles. Fresh, frozen, or reheat with 7 toastiness levels.', 'Kitchen'); 

INSERT INTO `term_project`.`product`    (`product_id`, `title`, `description`, `type`) 
VALUES (8,'D-Link Battery', 'D-Link Battery Powered Wi-Fi Water/Flood Sensor - 90 dB Siren - no hub Required - mydlink app - Push Notifications - Mobile Phone Alerts - (DCH-S161/2PK RE) 2 Pack Certified Open Box', 'gadgets');

INSERT INTO `term_project`.`product`    (`product_id`, `title`, `description`, `type`) 
VALUES (9,'Brilliant Smart Home Control (2-Switch Panel)', 'Brilliant Smart Home Control (2-Switch Panel) — Alexa Built-In & Compatible with Ring, Sonos, Hue, Google Nest, Wemo, SmartThings, Apple HomeKit — In-Wall Touchscreen Control for Lights, Music, & More', 'smart');

INSERT INTO `term_project`.`product`    (`product_id`, `title`, `description`, `type`) 
VALUES (10,'Fire TV ', 'Fire TV Stick 4K streaming device with Alexa Voice Remote (includes TV controls), Dolby Vision', 'gadgets');

INSERT INTO `term_project`.`product`    (`product_id`, `title`, `description`, `type`) 
VALUES (11,'Light Bulb Security Camera', 'Light Bulb Security Camera, E27 Wireless WiFi Outdoor Security Camera, 1080P 2.4GHz WiFi Smart Home Surveillance Cam 355 Degree with Two-Way Audio, Night Vision, Motion Detection, Work with Alexa', 'security'); 

INSERT INTO `term_project`.`product`    (`product_id`, `title`, `description`, `type`) 
VALUES (12,'Aqara Wireless Mini Switch', 'Aqara Wireless Mini Switch, Requires AQARA HUB, Zigbee Connection, Versatile 3-Way Control Button for Smart Home Devices, Compatible with Apple HomeKit', 'Eletrical');

INSERT INTO `term_project`.`product`    (`product_id`, `title`, `description`, `type`) 
VALUES (13,'Smart Home Energy Monitor with 16 50A', 'Smart Home Energy Monitor with 16 50A Circuit Level Sensors | Vue - Real Time Electricity Monitor/Meter | Solar/Net Metering', 'Eletrical'); 

INSERT INTO `term_project`.`product`    (`product_id`, `title`, `description`, `type`) 
VALUES (14,'Intelligent Wake Up Light', 'Intelligent Wake Up Light, Sunrise Alarm Clock Supported Alexa/Google Home, Clock Radio, Sunrise Simulation & Sleep Aid, 4 Alarms with FM Radio/7 Natural Sounds/Snooze, 7 Colored Night Light for Adults, Kids', 'smart');

INSERT INTO `term_project`.`product`    (`product_id`, `title`, `description`, `type`) 
VALUES (15,'SONOFF NSPanel-US WiFi Wall Switch', 'SONOFF NSPanel-US WiFi Wall Switch (2 Groups), Wireless Switch, Wireless Home Automation Thermostat, Application Control, Smart Scene, Compatible for Alexa/Google Home', 'smart');

INSERT INTO `term_project`.`product`    (`product_id`, `title`, `description`, `type`) 
VALUES (16,'Amazon Smart Air Quality Monitor', 'Introducing Amazon Smart Air Quality Monitor – Know your air, Works with Alexa– A Certified for Humans Device', 'welness'); 

INSERT INTO `term_project`.`product`    (`product_id`, `title`, `description`, `type`) 
VALUES (17,'Smart Lock, Hornbill', 'Smart Lock, Hornbill Fingerprint Keyless Entry Door Lock with Keypad, Digital Smart Locks for Entry Front Door, Smart Deadbolt for Wooden Door, Unlock by Bluetooth, ekey, FOB, Passcodes, Auto Lock,APP', 'security'); 

INSERT INTO `term_project`.`product`    (`product_id`, `title`, `description`, `type`) 
VALUES (18,'Robot Vacuums and Mop Combo OSOTEK', 'Robot Vacuums and Mop Combo OSOTEK, 3500Pa Suction WiFi/App/Alexa Control, 150mins Runtime, Self-Charging Robotic Vacuum Cleaner, Smart Gyroscope Navigation, Ideal for Hard Floors Pet Hair Carpets', 'cleaning'); 

INSERT INTO `term_project`.`product`    (`product_id`, `title`, `description`, `type`) 
VALUES (19,'Dreo Tower Fan', 'Dreo Tower Fan, Fan, 90° Oscillating 4 Modes, Fan with Remote, Large LED Display, Quiet Fan, Touch Control, Powerful Floor Fan, Timer, Bladeless Standing Fan for Bedroom', 'climatization'); 

INSERT INTO `term_project`.`product`    (`product_id`, `title`, `description`, `type`) 
VALUES (20,'TKSTAR Magnetic GPS Tracker for Car', 'TKSTAR Magnetic GPS Tracker for Car, 5 Months Long Standby GPS Tracking, Waterproof Real Time Tracking GPS Locator Professional Anti-Lost GPS Alarm Tracker for Car Truck Moto Boat TK905B', 'tracking'); 

INSERT INTO `term_project`.`product`    (`product_id`, `title`, `description`, `type`) 
VALUES (21,'Amazon Fire TV 50"', 'Amazon Fire TV 50" Omni Series 4K UHD smart TV, hands-free with Alexa', 'TV'); 


------------------------------------------------------------------------------------------------------------------------------------------------------------------------------------

-- categury Table

INSERT INTO `term_project`.`category` (`category_id`, `title`) 
VALUES (1, 'Home climatization');

INSERT INTO `term_project`.`category` (`category_id`, `title`) 
VALUES (2,  'Home apliance');

INSERT INTO `term_project`.`category` (`category_id`, `title`) 
VALUES (3, 'Eletrical');

INSERT INTO `term_project`.`category` (`category_id`, `title`) 
VALUES (4, 'Home decoration');

INSERT INTO `term_project`.`category` (`category_id`, `title`) 
VALUES (5, 'gadgets');

INSERT INTO `term_project`.`category` (`category_id`, `title`) 
VALUES (6, 'Home security');

INSERT INTO `term_project`.`category` (`category_id`, `title`) 
VALUES (7, 'wellness');

INSERT INTO `term_project`.`category` (`category_id`, `title`) 
VALUES (8, 'home cleaning');

INSERT INTO `term_project`.`category` (`category_id`, `title`) 
VALUES (9, 'tracking');


------------------------------------------------------------------------------------------------------------------------------------------------------------------------------------

-- product_category  Table
iNSERT INTO term_project.product_category(product_id,category_id) 
VALUES(1,1);
iNSERT INTO term_project.product_category(product_id,category_id) 
VALUES(2,2);
iNSERT INTO term_project.product_category(product_id,category_id) 
VALUES(3,1);
iNSERT INTO term_project.product_category(product_id,category_id) 
VALUES(4,1);
iNSERT INTO term_project.product_category(product_id,category_id) 
VALUES(5,3);
iNSERT INTO term_project.product_category(product_id,category_id) 
VALUES(6,4);
iNSERT INTO term_project.product_category(product_id,category_id) 
VALUES(7,2);
iNSERT INTO term_project.product_category(product_id,category_id) 
VALUES(8,5);
iNSERT INTO term_project.product_category(product_id,category_id) 
VALUES(9,2);
iNSERT INTO term_project.product_category(product_id,category_id) 
VALUES(10,5);
iNSERT INTO term_project.product_category(product_id,category_id) 
VALUES(11,6);
iNSERT INTO term_project.product_category(product_id,category_id) 
VALUES(12,3);
iNSERT INTO term_project.product_category(product_id,category_id) 
VALUES(13,3);
iNSERT INTO term_project.product_category(product_id,category_id) 
VALUES(14,2);
iNSERT INTO term_project.product_category(product_id,category_id) 
VALUES(15,1);
iNSERT INTO term_project.product_category(product_id,category_id) 
VALUES(16,7);
iNSERT INTO term_project.product_category(product_id,category_id) 
VALUES(17,6);
iNSERT INTO term_project.product_category(product_id,category_id) 
VALUES(18,8);
iNSERT INTO term_project.product_category(product_id,category_id) 
VALUES(19,1);
iNSERT INTO term_project.product_category(product_id,category_id) 
VALUES(20,9);
iNSERT INTO term_project.product_category(product_id,category_id) 
VALUES(21,5);


------------------------------------------------------------------------------------------------------------------------------------------------------------------------------------

-- Costumer   Table

INSERT INTO `term_project`.`costumer` (`customer_id`, `first_name`, `last_name`, `address`, `email`, `phone`) 
VALUES (1, 'Parth', 'Thakkar', '23 Fort Dear', 'parth@gmail.com', '9057824106');

INSERT INTO `term_project`.`costumer` (`customer_id`, `first_name`, `last_name`, `address`, `email`, `phone`) 
VALUES (2, 'Dapen', 'Panoi', '11 Fort Dear', 'Dapen@gmail.com', '9171895049');

INSERT INTO `term_project`.`costumer` (`customer_id`, `first_name`, `last_name`, `address`, `email`, `phone`) 
VALUES (3, 'Xyubi', 'Nuaxi', '23 North land', 'Nuaxi@gmail.com', '2230507118');

INSERT INTO `term_project`.`costumer` (`customer_id`, `first_name`, `last_name`, `address`, `email`, `phone`) 
VALUES (4, 'Xakuo', 'Tiexol', '23 under the bidge north', 'Tiexol@gmail.com', '1455849193');

INSERT INTO `term_project`.`costumer` (`customer_id`, `first_name`, `last_name`, `address`, `email`, `phone`) 
VALUES (5, 'Tiexol', 'Pebal', '457 haven greek', 'Pebal@gmail.com', '3843702926');

INSERT INTO `term_project`.`costumer` (`customer_id`, `first_name`, `last_name`, `address`, `email`, `phone`) 
VALUES (6, 'Arnui', 'Kionr', '4848 so far away ', 'Kionr@gmail.com', '507413015');

INSERT INTO `term_project`.`costumer` (`customer_id`, `first_name`, `last_name`, `address`, `email`, `phone`) 
VALUES (7, 'Foeko', 'Kehuequo', '145 no house west', 'Kehuequo@gmail.com', '4883862091');

INSERT INTO `term_project`.`costumer` (`customer_id`, `first_name`, `last_name`, `address`, `email`, `phone`) 
VALUES (8, 'Parth', 'Thakkar', '23 Fort Dear', 'parth@gmail.com', '9664593995');

INSERT INTO `term_project`.`costumer` (`customer_id`, `first_name`, `last_name`, `address`, `email`, `phone`) 
VALUES (9, 'Pebal', 'Daipa', '587 Valhala north avenue', 'Daipa@gmail.com', '5552019400');

INSERT INTO `term_project`.`costumer` (`customer_id`, `first_name`, `last_name`, `address`, `email`, `phone`) 
VALUES (10, 'Ustol', 'Sies', '865 God help me to pass north west street', 'Sies@gmail.com', '8589098167');

INSERT INTO `term_project`.`costumer` (`customer_id`, `first_name`, `last_name`, `address`, `email`, `phone`) 
VALUES (11, 'Ustol', 'Baba', '4876 my creativity has gone here road', 'Baba@gmail.com', '5787961540');

------------------------------------------------------------------------------------------------------------------------------------------------------------------------------------

-- suplier   Table

INSERT INTO `term_project`.`supplier` (`supplier_id`, `supplier_name`, `phone_no`, `address`) 
VALUES (1, 'Deliverd world', '4587595200', '2 random road ');

INSERT INTO `term_project`.`supplier` (`supplier_id`, `supplier_name`, `phone_no`, `address`) 
VALUES (2, 'Deliver world 2', '9574540016', '1683 random street ');

INSERT INTO `term_project`.`supplier` (`supplier_id`, `supplier_name`, `phone_no`, `address`) 
VALUES (3, 'Deliver world 3', '5628466899', '1345 random ave ');

INSERT INTO `term_project`.`supplier` (`supplier_id`, `supplier_name`, `phone_no`, `address`) 
VALUES (4, 'Deliver world 4', '8797317530', '616 random street ');

INSERT INTO `term_project`.`supplier` (`supplier_id`, `supplier_name`, `phone_no`, `address`) 
VALUES (5, 'Deliver world 5', '5750493407', '2425 random road ');

INSERT INTO `term_project`.`supplier` (`supplier_id`, `supplier_name`, `phone_no`, `address`) 
VALUES (6, 'Deliver world 6', '5925533934', '14 random street ');

INSERT INTO `term_project`.`supplier` (`supplier_id`, `supplier_name`, `phone_no`, `address`) 
VALUES (7, 'Deliver world 7', '8753375440', '12545 random road  ');

INSERT INTO `term_project`.`supplier` (`supplier_id`, `supplier_name`, `phone_no`, `address`) 
VALUES (8, 'Deliver world 8', '6087757131', '1215 random ave ');

INSERT INTO `term_project`.`supplier` (`supplier_id`, `supplier_name`, `phone_no`, `address`) 
VALUES (9, 'Deliver world 9', '8826743507', '13 random street ');

INSERT INTO `term_project`.`supplier` (`supplier_id`, `supplier_name`, `phone_no`, `address`) 
VALUES (10, 'Deliver world 9', '6161130221', '245 random street ');

INSERT INTO `term_project`.`supplier` (`supplier_id`, `supplier_name`, `phone_no`, `address`) 
VALUES (11, 'Deliver world 10', '9114543215', '134 random street ');



------------------------------------------------------------------------------------------------------------------------------------------------------------------------------------

-- employee   Table

INSERT INTO `term_project`.`employee` (`employee_id`, `first_name`, `last_name`) 
VALUES ( 1, 'Valmir', 'Pedro');

INSERT INTO `term_project`.`employee` (`employee_id`, `first_name`, `last_name`) 
VALUES ( 2, 'Thobuero', 'Doldou');

INSERT INTO `term_project`.`employee` (`employee_id`, `first_name`, `last_name`) 
VALUES (3, 'Seaster', 'Mifiaim');

INSERT INTO `term_project`.`employee` (`employee_id`, `first_name`, `last_name`) 
VALUES (4, 'Orbere', 'Nalxoi') ;

INSERT INTO `term_project`.`employee` (`employee_id`, `first_name`, `last_name`) 
VALUES (5, 'Nalxoi', 'Argethic');


------------------------------------------------------------------------------------------------------------------------------------------------------------------------------------

-- dEPARTMENT   Table

INSERT INTO `term_project`.`department` (`department_id`, `employee_id`, `department_name`) 
VALUES (1, 1, 'sales');

INSERT INTO `term_project`.`department` (`department_id`, `employee_id`, `department_name`) 
VALUES (2, 2, 'Costumer Service');

INSERT INTO `term_project`.`department` (`department_id`, `employee_id`, `department_name`) 
VALUES (3, 3, 'Manager');

INSERT INTO `term_project`.`department` (`department_id`, `employee_id`, `department_name`) 
VALUES (4, 4, 'Secretary');

INSERT INTO `term_project`.`department` (`department_id`, `employee_id`, `department_name`) 
VALUES (5, 5, 'stockist');

------------------------------------------------------------------------------------------------------------------------------------------------------------------------------------

-- Brand  Table

INSERT INTO `term_project`.`brand` (`brand_id`, `brand_name`, `summary`) 
VALUES (1, 'Ecobee', 'ecobee is a Canadian home automation company');

INSERT INTO `term_project`.`brand` (`brand_id`, `brand_name`, `summary`) 
VALUES (2, 'LUMIMAN', 'Smart Lighting Solution Supplier');

INSERT INTO `term_project`.`brand` (`brand_id`, `brand_name`, `summary`) 
VALUES (3, 'Emerson', 'company manufactures products and provides engineering services for industrial, commercial, and consumer markets.');

INSERT INTO `term_project`.`brand` (`brand_id`, `brand_name`, `summary`) 
VALUES (4, 'Senville', 'American Standard Companies was a manufacturer of heating, ventilation, and air conditioning');

INSERT INTO `term_project`.`brand` (`brand_id`, `brand_name`, `summary`) 
VALUES (5, 'OHMAX', 'COMPANY FOR  SMART  PLUGS');

INSERT INTO `term_project`.`brand` (`brand_id`, `brand_name`, `summary`) 
VALUES (6, 'Revolution', 'smart kitchen gadgets');

INSERT INTO `term_project`.`brand` (`brand_id`, `brand_name`, `summary`) 
VALUES (7, 'D-Link', 'D-Link is a global leader in designing and developing networking and connectivity products');

INSERT INTO `term_project`.`brand` (`brand_id`, `brand_name`, `summary`) 
VALUES (8, 'Brilliant', 'Brilliant is a distribution company of global technology products.');

INSERT INTO `term_project`.`brand` (`brand_id`, `brand_name`, `summary`) 
VALUES (9, 'Fire tv', 'Amazon Fire TV (stylized as amazon fireTV) is a line of digital media players.');

INSERT INTO `term_project`.`brand` (`brand_id`, `brand_name`, `summary`) 
VALUES (10, 'SEDITY', 'company for  securty  for samrt houses');

INSERT INTO `term_project`.`brand` (`brand_id`, `brand_name`, `summary`) 
VALUES (11, 'Aqara', 'provide customers with comprehensive smart home products and solutions that are beautifully designed, affordable and easy to use.');

INSERT INTO `term_project`.`brand` (`brand_id`, `brand_name`, `summary`) 
VALUES (12, 'emporia', 'automated smart things  to save money');

INSERT INTO `term_project`.`brand` (`brand_id`, `brand_name`, `summary`) 
VALUES (13, ' Obucesy', 'smart clocks');

INSERT INTO `term_project`.`brand` (`brand_id`, `brand_name`, `summary`) 
VALUES (14, 'SONOFF', 'smart swiches for  houses');

INSERT INTO `term_project`.`brand` (`brand_id`, `brand_name`, `summary`) 
VALUES (15, 'Amazon', 'company  that is sells  from a to z');

INSERT INTO `term_project`.`brand` (`brand_id`, `brand_name`, `summary`) 
VALUES (16, 'Hornbill', 'Security doors  lockers');

INSERT INTO `term_project`.`brand` (`brand_id`, `brand_name`, `summary`) 
VALUES (17, 'Dreo', 'Smart fans');

INSERT INTO `term_project`.`brand` (`brand_id`, `brand_name`, `summary`) 
VALUES (18, 'TKSTAR', 'Spy tracking gadgets fo investigation and  security');

------------------------------------------------------------------------------------------------------------------------------------------------------------------------------------

-- order  Table

INSERT INTO `term_project`.`order` (`order_id`, `customer_id`, `status`, `sub_total`, `item_discount`, `tax`, `shipping_charge`) 
VALUES (1, 1, 'Paid', 288, 10, 13, 0);

INSERT INTO `term_project`.`order` (`order_id`, `customer_id`, `status`, `sub_total`, `item_discount`, `tax`, `shipping_charge`) 
VALUES (2, 1, 'Pending', 40, null, 13, 12);

INSERT INTO `term_project`.`order` (`order_id`, `customer_id`, `status`, `sub_total`, `item_discount`, `tax`, `shipping_charge`) 
VALUES (3, 2, 'Paid', 40, null , 13, 0);

INSERT INTO `term_project`.`order` (`order_id`, `customer_id`, `status`, `sub_total`, `item_discount`, `tax`, `shipping_charge`) 
VALUES (4, 4, 'Paid', 20, null , 13, 5);

INSERT INTO `term_project`.`order` (`order_id`, `customer_id`, `status`, `sub_total`, `item_discount`, `tax`, `shipping_charge`) 
VALUES (5, 4, 'Paid', 340, 10 , 13, 0);

INSERT INTO `term_project`.`order` (`order_id`, `customer_id`, `status`, `sub_total`, `item_discount`, `tax`, `shipping_charge`) 
VALUES (6, 5, 'Paid', 340, null , 13, 0);

INSERT INTO `term_project`.`order` (`order_id`, `customer_id`, `status`, `sub_total`, `item_discount`, `tax`, `shipping_charge`) 
VALUES (7, 6, 'Paid', 71.45, 5 , 13, 20);

INSERT INTO `term_project`.`order` (`order_id`, `customer_id`, `status`, `sub_total`, `item_discount`, `tax`, `shipping_charge`) 
VALUES (8, 7, 'Paid', 439.50, null , 13, 0);

INSERT INTO `term_project`.`order` (`order_id`, `customer_id`, `status`, `sub_total`, `item_discount`, `tax`, `shipping_charge`) 
VALUES (9, 9, 'paid', 34.99, null , 13, 10);

INSERT INTO `term_project`.`order` (`order_id`, `customer_id`, `status`, `sub_total`, `item_discount`, `tax`, `shipping_charge`) 
VALUES (10, 9, 'paid', 20, null , 13, 0);

------------------------------------------------------------------------------------------------------------------------------------------------------------------------------------

-- Transaction  Table


INSERT INTO `term_project`.`transaction` (`transaction_id`, `customer_id`, `order_id`, `type`, `status`) 
VALUES (1, 1, 1, 'credit', 'Paid');

INSERT INTO `term_project`.`transaction` (`transaction_id`, `customer_id`, `order_id`, `type`, `status`) 
VALUES (2, 1, 2, 'Debt', 'Pending');

INSERT INTO `term_project`.`transaction` (`transaction_id`, `customer_id`, `order_id`, `type`, `status`) 
VALUES (3, 2, 3, 'credit', 'Paid');

INSERT INTO `term_project`.`transaction` (`transaction_id`, `customer_id`, `order_id`, `type`, `status`) 
VALUES (4, 4, 4, 'credit', 'Paid');

INSERT INTO `term_project`.`transaction` (`transaction_id`, `customer_id`, `order_id`, `type`, `status`) 
VALUES (5, 4, 5, 'e-Transfer', 'Paid');

INSERT INTO `term_project`.`transaction` (`transaction_id`, `customer_id`, `order_id`, `type`, `status`) 
VALUES (6, 5, 6, 'credit', 'Paid');

INSERT INTO `term_project`.`transaction` (`transaction_id`, `customer_id`, `order_id`, `type`, `status`) 
VALUES (7, 6, 7, 'credit', 'Paid');

INSERT INTO `term_project`.`transaction` (`transaction_id`, `customer_id`, `order_id`, `type`, `status`) 
VALUES (8, 7, 8, 'Debt', 'Paid');

INSERT INTO `term_project`.`transaction` (`transaction_id`, `customer_id`, `order_id`, `type`, `status`) 
VALUES (9, 9, 9, 'Cash', 'Paid');

INSERT INTO `term_project`.`transaction` (`transaction_id`, `customer_id`, `order_id`, `type`, `status`) 
VALUES (10, 9, 10, 'credit', 'Paid');

--item

INSERT INTO `term_project`.`item` (`item_id`, `product_id`, `brand _id`, `supplier _id`, `order _id`, `employee_id`, `sku`, `max_price_rentail`, `discount`, `price`, `quantity`, `qnty_sold`, `available`) 
VALUES (1, 1, 1, 1, 1, 1, '97336616', 288, 5, 288, 1, 20, 80);

INSERT INTO `term_project`.`item` (`item_id`, `product_id`, `brand _id`, `supplier _id`, `order _id`, `employee_id`, `sku`, `max_price_rentail`, `discount`, `price`, `quantity`, `qnty_sold`, `available`) 
VALUES (2, 5, 5, 2, 2, 1, '14335931', 40, null, 40, 1, 10, 90);

INSERT INTO `term_project`.`item` (`item_id`, `product_id`, `brand _id`, `supplier _id`, `order _id`, `employee_id`, `sku`, `max_price_rentail`, `discount`, `price`, `quantity`, `qnty_sold`, `available`) 
VALUES (3, 5, 5, 2, 3, 1, '14335931', 40, null, 40, 1, 10, 90);

INSERT INTO `term_project`.`item` (`item_id`, `product_id`, `brand _id`, `supplier _id`, `order _id`, `employee_id`, `sku`, `max_price_rentail`, `discount`, `price`, `quantity`, `qnty_sold`, `available`) 
VALUES (4, 2, 2, 3, 4, 1, '58068118', 20, null, 20, 1, 1, 50);

INSERT INTO `term_project`.`item` (`item_id`, `product_id`, `brand _id`, `supplier _id`, `order _id`, `employee_id`, `sku`, `max_price_rentail`, `discount`, `price`, `quantity`, `qnty_sold`, `available`) 
VALUES (5, 13, 12, 4, 4, 1, '35985569', 340, null, 340, 1, 1, 60);

INSERT INTO `term_project`.`item` (`item_id`, `product_id`, `brand _id`, `supplier _id`, `order _id`, `employee_id`, `sku`, `max_price_rentail`, `discount`, `price`, `quantity`, `qnty_sold`, `available`) 
VALUES (6, 13, 12, 4, 5, 1, '35985569', 340, null, 340, 1, 1, 60);

INSERT INTO `term_project`.`item` (`item_id`, `product_id`, `brand _id`, `supplier _id`, `order _id`, `employee_id`, `sku`, `max_price_rentail`, `discount`, `price`, `quantity`, `qnty_sold`, `available`) 
VALUES (7, 15, 14, 5, 7, 1, '90717543', 71.99, null, 71.99, 1, 1, 70);

INSERT INTO `term_project`.`item` (`item_id`, `product_id`, `brand _id`, `supplier _id`, `order _id`, `employee_id`, `sku`, `max_price_rentail`, `discount`, `price`, `quantity`, `qnty_sold`, `available`) 
VALUES (8, 7, 6, 6, 8, 1, '94711773', 439.50, null, 439.50, 1, 1, 20);

INSERT INTO `term_project`.`item` (`item_id`, `product_id`, `brand _id`, `supplier _id`, `order _id`, `employee_id`, `sku`, `max_price_rentail`, `discount`, `price`, `quantity`, `qnty_sold`, `available`) 
VALUES (9, 10, 9, 7, 9, 1, '94711773', 34.99, null, 34.99, 1, 1, 10);

INSERT INTO `term_project`.`item` (`item_id`, `product_id`, `brand _id`, `supplier _id`, `order _id`, `employee_id`, `sku`, `max_price_rentail`, `discount`, `price`, `quantity`, `qnty_sold`, `available`) 
VALUES (10, 2, 2, 3, 10, 1, '58068118', 20, null, 20, 1, 1, 50);